56615,/u/home/a/akarlsbe/scratch/strain_contig_only_assemblies/56615/56615_3_contributing_databases_ENSEMBLE_1K_FUNGIDB.raw.fa
62688,/u/home/a/akarlsbe/scratch/strain_contig_only_assemblies/62688/62688_2_contributing_databases_ENSEMBLE_1K.raw.fa
222929,/u/home/a/akarlsbe/scratch/strain_contig_only_assemblies/222929/222929_2_contributing_databases_ENSEMBLE_FUNGIDB.raw.fa
237561,/u/home/a/akarlsbe/scratch/strain_contig_only_assemblies/237561/237561_2_contributing_databases_ENSEMBLE_ENSEMBLE_1K.raw.fa
246409,/u/home/a/akarlsbe/scratch/strain_contig_only_assemblies/246409/246409_2_contributing_databases_ENSEMBLE_FUNGIDB.raw.fa
246410,/u/home/a/akarlsbe/scratch/strain_contig_only_assemblies/246410/246410_3_contributing_databases_ENSEMBLE_1K_FUNGIDB.raw.fa
294746,/u/home/a/akarlsbe/scratch/strain_contig_only_assemblies/294746/294746_2_contributing_databases_ENSEMBLE_1K.raw.fa
294750,/u/home/a/akarlsbe/scratch/strain_contig_only_assemblies/294750/294750_2_contributing_databases_ENSEMBLE_FUNGIDB.raw.fa
306901,/u/home/a/akarlsbe/scratch/strain_contig_only_assemblies/306901/306901_2_contributing_databases_ENSEMBLE_1K.raw.fa
306902,/u/home/a/akarlsbe/scratch/strain_contig_only_assemblies/306902/306902_3_contributing_databases_ENSEMBLE_1K_FUNGIDB.raw.fa
331117,/u/home/a/akarlsbe/scratch/strain_contig_only_assemblies/331117/331117_2_contributing_databases_ENSEMBLE_FUNGIDB.raw.fa
332952,/u/home/a/akarlsbe/scratch/strain_contig_only_assemblies/332952/332952_2_contributing_databases_ENSEMBLE_FUNGIDB.raw.fa
336963,/u/home/a/akarlsbe/scratch/strain_contig_only_assemblies/336963/336963_3_contributing_databases_ENSEMBLE_1K_FUNGIDB.raw.fa
339724,/u/home/a/akarlsbe/scratch/strain_contig_only_assemblies/339724/339724_3_contributing_databases_ENSEMBLE_1K_FUNGIDB.raw.fa
341663,/u/home/a/akarlsbe/scratch/strain_contig_only_assemblies/341663/341663_3_contributing_databases_ENSEMBLE_1K_FUNGIDB.raw.fa
344612,/u/home/a/akarlsbe/scratch/strain_contig_only_assemblies/344612/344612_2_contributing_databases_ENSEMBLE_FUNGIDB.raw.fa
379508,/u/home/a/akarlsbe/scratch/strain_contig_only_assemblies/379508/379508_2_contributing_databases_ENSEMBLE_1K.raw.fa
380704,/u/home/a/akarlsbe/scratch/strain_contig_only_assemblies/380704/380704_2_contributing_databases_ENSEMBLE_FUNGIDB.raw.fa
396776,/u/home/a/akarlsbe/scratch/strain_contig_only_assemblies/396776/396776_2_contributing_databases_ENSEMBLE_FUNGIDB.raw.fa
402676,/u/home/a/akarlsbe/scratch/strain_contig_only_assemblies/402676/402676_3_contributing_databases_ENSEMBLE_1K_FUNGIDB.raw.fa
403673,/u/home/a/akarlsbe/scratch/strain_contig_only_assemblies/403673/403673_2_contributing_databases_ENSEMBLE_FUNGIDB.raw.fa
404692,/u/home/a/akarlsbe/scratch/strain_contig_only_assemblies/404692/404692_2_contributing_databases_ENSEMBLE_FUNGIDB.raw.fa
413071,/u/home/a/akarlsbe/scratch/strain_contig_only_assemblies/413071/413071_2_contributing_databases_ENSEMBLE_1K.raw.fa
431241,/u/home/a/akarlsbe/scratch/strain_contig_only_assemblies/431241/431241_3_contributing_databases_ENSEMBLE_1K_FUNGIDB.raw.fa
441959,/u/home/a/akarlsbe/scratch/strain_contig_only_assemblies/441959/441959_2_contributing_databases_ENSEMBLE_FUNGIDB.raw.fa
441960,/u/home/a/akarlsbe/scratch/strain_contig_only_assemblies/441960/441960_2_contributing_databases_ENSEMBLE_FUNGIDB.raw.fa
443226,/u/home/a/akarlsbe/scratch/strain_contig_only_assemblies/443226/443226_2_contributing_databases_ENSEMBLE_FUNGIDB.raw.fa
447093,/u/home/a/akarlsbe/scratch/strain_contig_only_assemblies/447093/447093_2_contributing_databases_ENSEMBLE_FUNGIDB.raw.fa
451804,/u/home/a/akarlsbe/scratch/strain_contig_only_assemblies/451804/451804_2_contributing_databases_ENSEMBLE_FUNGIDB.raw.fa
452589,/u/home/a/akarlsbe/scratch/strain_contig_only_assemblies/452589/452589_2_contributing_databases_ENSEMBLE_1K.raw.fa
454284,/u/home/a/akarlsbe/scratch/strain_contig_only_assemblies/454284/454284_2_contributing_databases_ENSEMBLE_FUNGIDB.raw.fa
454286,/u/home/a/akarlsbe/scratch/strain_contig_only_assemblies/454286/454286_2_contributing_databases_ENSEMBLE_FUNGIDB.raw.fa
481877,/u/home/a/akarlsbe/scratch/strain_contig_only_assemblies/481877/481877_2_contributing_databases_ENSEMBLE_1K.raw.fa
482561,/u/home/a/akarlsbe/scratch/strain_contig_only_assemblies/482561/482561_2_contributing_databases_ENSEMBLE_FUNGIDB.raw.fa
483514,/u/home/a/akarlsbe/scratch/strain_contig_only_assemblies/483514/483514_3_contributing_databases_ENSEMBLE_1K_FUNGIDB.raw.fa
500485,/u/home/a/akarlsbe/scratch/strain_contig_only_assemblies/500485/500485_2_contributing_databases_ENSEMBLE_FUNGIDB.raw.fa
502779,/u/home/a/akarlsbe/scratch/strain_contig_only_assemblies/502779/502779_2_contributing_databases_ENSEMBLE_FUNGIDB.raw.fa
502780,/u/home/a/akarlsbe/scratch/strain_contig_only_assemblies/502780/502780_3_contributing_databases_ENSEMBLE_1K_FUNGIDB.raw.fa
510951,/u/home/a/akarlsbe/scratch/strain_contig_only_assemblies/510951/510951_2_contributing_databases_ENSEMBLE_FUNGIDB.raw.fa
510952,/u/home/a/akarlsbe/scratch/strain_contig_only_assemblies/510952/510952_2_contributing_databases_ENSEMBLE_1K.raw.fa
510953,/u/home/a/akarlsbe/scratch/strain_contig_only_assemblies/510953/510953_2_contributing_databases_1K_FUNGIDB.raw.fa
544711,/u/home/a/akarlsbe/scratch/strain_contig_only_assemblies/544711/544711_2_contributing_databases_ENSEMBLE_FUNGIDB.raw.fa
544712,/u/home/a/akarlsbe/scratch/strain_contig_only_assemblies/544712/544712_2_contributing_databases_ENSEMBLE_FUNGIDB.raw.fa
554155,/u/home/a/akarlsbe/scratch/strain_contig_only_assemblies/554155/554155_2_contributing_databases_ENSEMBLE_1K.raw.fa
554373,/u/home/a/akarlsbe/scratch/strain_contig_only_assemblies/554373/554373_2_contributing_databases_ENSEMBLE_1K.raw.fa
559298,/u/home/a/akarlsbe/scratch/strain_contig_only_assemblies/559298/559298_2_contributing_databases_ENSEMBLE_1K.raw.fa
559305,/u/home/a/akarlsbe/scratch/strain_contig_only_assemblies/559305/559305_2_contributing_databases_ENSEMBLE_1K.raw.fa
578456,/u/home/a/akarlsbe/scratch/strain_contig_only_assemblies/578456/578456_3_contributing_databases_ENSEMBLE_1K_FUNGIDB.raw.fa
578457,/u/home/a/akarlsbe/scratch/strain_contig_only_assemblies/578457/578457_2_contributing_databases_ENSEMBLE_1K.raw.fa
578459,/u/home/a/akarlsbe/scratch/strain_contig_only_assemblies/578459/578459_2_contributing_databases_ENSEMBLE_1K.raw.fa
578462,/u/home/a/akarlsbe/scratch/strain_contig_only_assemblies/578462/578462_3_contributing_databases_ENSEMBLE_1K_FUNGIDB.raw.fa
590646,/u/home/a/akarlsbe/scratch/strain_contig_only_assemblies/590646/590646_2_contributing_databases_ENSEMBLE_1K.raw.fa
597362,/u/home/a/akarlsbe/scratch/strain_contig_only_assemblies/597362/597362_2_contributing_databases_ENSEMBLE_1K.raw.fa
602072,/u/home/a/akarlsbe/scratch/strain_contig_only_assemblies/602072/602072_3_contributing_databases_ENSEMBLE_1K_FUNGIDB.raw.fa
619300,/u/home/a/akarlsbe/scratch/strain_contig_only_assemblies/619300/619300_2_contributing_databases_ENSEMBLE_1K.raw.fa
630390,/u/home/a/akarlsbe/scratch/strain_contig_only_assemblies/630390/630390_2_contributing_databases_ENSEMBLE_1K.raw.fa
644352,/u/home/a/akarlsbe/scratch/strain_contig_only_assemblies/644352/644352_2_contributing_databases_ENSEMBLE_1K.raw.fa
645133,/u/home/a/akarlsbe/scratch/strain_contig_only_assemblies/645133/645133_2_contributing_databases_ENSEMBLE_1K.raw.fa
645134,/u/home/a/akarlsbe/scratch/strain_contig_only_assemblies/645134/645134_3_contributing_databases_ENSEMBLE_1K_FUNGIDB.raw.fa
653667,/u/home/a/akarlsbe/scratch/strain_contig_only_assemblies/653667/653667_2_contributing_databases_ENSEMBLE_1K.raw.fa
655819,/u/home/a/akarlsbe/scratch/strain_contig_only_assemblies/655819/655819_2_contributing_databases_ENSEMBLE_1K.raw.fa
655827,/u/home/a/akarlsbe/scratch/strain_contig_only_assemblies/655827/655827_2_contributing_databases_ENSEMBLE_1K.raw.fa
655844,/u/home/a/akarlsbe/scratch/strain_contig_only_assemblies/655844/655844_2_contributing_databases_ENSEMBLE_1K.raw.fa
656061,/u/home/a/akarlsbe/scratch/strain_contig_only_assemblies/656061/656061_2_contributing_databases_ENSEMBLE_1K.raw.fa
658429,/u/home/a/akarlsbe/scratch/strain_contig_only_assemblies/658429/658429_2_contributing_databases_ENSEMBLE_1K.raw.fa
660027,/u/home/a/akarlsbe/scratch/strain_contig_only_assemblies/660027/660027_2_contributing_databases_ENSEMBLE_FUNGIDB.raw.fa
663202,/u/home/a/akarlsbe/scratch/strain_contig_only_assemblies/663202/663202_2_contributing_databases_ENSEMBLE_1K.raw.fa
663331,/u/home/a/akarlsbe/scratch/strain_contig_only_assemblies/663331/663331_2_contributing_databases_ENSEMBLE_1K.raw.fa
664439,/u/home/a/akarlsbe/scratch/strain_contig_only_assemblies/664439/664439_2_contributing_databases_ENSEMBLE_1K.raw.fa
665079,/u/home/a/akarlsbe/scratch/strain_contig_only_assemblies/665079/665079_3_contributing_databases_ENSEMBLE_1K_FUNGIDB.raw.fa
665912,/u/home/a/akarlsbe/scratch/strain_contig_only_assemblies/665912/665912_2_contributing_databases_ENSEMBLE_1K.raw.fa
669874,/u/home/a/akarlsbe/scratch/strain_contig_only_assemblies/669874/669874_2_contributing_databases_ENSEMBLE_1K.raw.fa
670483,/u/home/a/akarlsbe/scratch/strain_contig_only_assemblies/670483/670483_2_contributing_databases_ENSEMBLE_1K.raw.fa
671144,/u/home/a/akarlsbe/scratch/strain_contig_only_assemblies/671144/671144_2_contributing_databases_ENSEMBLE_1K.raw.fa
675120,/u/home/a/akarlsbe/scratch/strain_contig_only_assemblies/675120/675120_2_contributing_databases_ENSEMBLE_1K.raw.fa
683840,/u/home/a/akarlsbe/scratch/strain_contig_only_assemblies/683840/683840_2_contributing_databases_ENSEMBLE_1K_1K.raw.fa
684364,/u/home/a/akarlsbe/scratch/strain_contig_only_assemblies/684364/684364_2_contributing_databases_ENSEMBLE_1K.raw.fa
685588,/u/home/a/akarlsbe/scratch/strain_contig_only_assemblies/685588/685588_2_contributing_databases_ENSEMBLE_1K.raw.fa
686832,/u/home/a/akarlsbe/scratch/strain_contig_only_assemblies/686832/686832_2_contributing_databases_ENSEMBLE_1K.raw.fa
690307,/u/home/a/akarlsbe/scratch/strain_contig_only_assemblies/690307/690307_3_contributing_databases_ENSEMBLE_1K_FUNGIDB.raw.fa
692275,/u/home/a/akarlsbe/scratch/strain_contig_only_assemblies/692275/692275_2_contributing_databases_ENSEMBLE_1K.raw.fa
694068,/u/home/a/akarlsbe/scratch/strain_contig_only_assemblies/694068/694068_2_contributing_databases_ENSEMBLE_1K.raw.fa
698492,/u/home/a/akarlsbe/scratch/strain_contig_only_assemblies/698492/698492_2_contributing_databases_ENSEMBLE_ENSEMBLE_1K.raw.fa
701091,/u/home/a/akarlsbe/scratch/strain_contig_only_assemblies/701091/701091_2_contributing_databases_ENSEMBLE_1K_1K.raw.fa
717646,/u/home/a/akarlsbe/scratch/strain_contig_only_assemblies/717646/717646_2_contributing_databases_ENSEMBLE_1K.raw.fa
717944,/u/home/a/akarlsbe/scratch/strain_contig_only_assemblies/717944/717944_2_contributing_databases_ENSEMBLE_1K.raw.fa
721885,/u/home/a/akarlsbe/scratch/strain_contig_only_assemblies/721885/721885_2_contributing_databases_ENSEMBLE_1K.raw.fa
732165,/u/home/a/akarlsbe/scratch/strain_contig_only_assemblies/732165/732165_2_contributing_databases_ENSEMBLE_1K.raw.fa
741275,/u/home/a/akarlsbe/scratch/strain_contig_only_assemblies/741275/741275_2_contributing_databases_ENSEMBLE_1K.raw.fa
741705,/u/home/a/akarlsbe/scratch/strain_contig_only_assemblies/741705/741705_2_contributing_databases_ENSEMBLE_1K.raw.fa
745531,/u/home/a/akarlsbe/scratch/strain_contig_only_assemblies/745531/745531_2_contributing_databases_ENSEMBLE_1K.raw.fa
747089,/u/home/a/akarlsbe/scratch/strain_contig_only_assemblies/747089/747089_2_contributing_databases_ENSEMBLE_1K.raw.fa
747525,/u/home/a/akarlsbe/scratch/strain_contig_only_assemblies/747525/747525_2_contributing_databases_ENSEMBLE_1K.raw.fa
747676,/u/home/a/akarlsbe/scratch/strain_contig_only_assemblies/747676/747676_2_contributing_databases_ENSEMBLE_FUNGIDB.raw.fa
747725,/u/home/a/akarlsbe/scratch/strain_contig_only_assemblies/747725/747725_2_contributing_databases_ENSEMBLE_FUNGIDB.raw.fa
756982,/u/home/a/akarlsbe/scratch/strain_contig_only_assemblies/756982/756982_2_contributing_databases_ENSEMBLE_1K.raw.fa
763406,/u/home/a/akarlsbe/scratch/strain_contig_only_assemblies/763406/763406_2_contributing_databases_ENSEMBLE_1K.raw.fa
763407,/u/home/a/akarlsbe/scratch/strain_contig_only_assemblies/763407/763407_2_contributing_databases_ENSEMBLE_FUNGIDB.raw.fa
765440,/u/home/a/akarlsbe/scratch/strain_contig_only_assemblies/765440/765440_2_contributing_databases_ENSEMBLE_1K.raw.fa
767744,/u/home/a/akarlsbe/scratch/strain_contig_only_assemblies/767744/767744_2_contributing_databases_ENSEMBLE_1K.raw.fa
767769,/u/home/a/akarlsbe/scratch/strain_contig_only_assemblies/767769/767769_3_contributing_databases_ENSEMBLE_1K_FUNGIDB.raw.fa
767770,/u/home/a/akarlsbe/scratch/strain_contig_only_assemblies/767770/767770_3_contributing_databases_ENSEMBLE_1K_FUNGIDB.raw.fa
771870,/u/home/a/akarlsbe/scratch/strain_contig_only_assemblies/771870/771870_2_contributing_databases_ENSEMBLE_FUNGIDB.raw.fa
796925,/u/home/a/akarlsbe/scratch/strain_contig_only_assemblies/796925/796925_2_contributing_databases_ENSEMBLE_1K.raw.fa
857340,/u/home/a/akarlsbe/scratch/strain_contig_only_assemblies/857340/857340_2_contributing_databases_ENSEMBLE_1K.raw.fa
857566,/u/home/a/akarlsbe/scratch/strain_contig_only_assemblies/857566/857566_2_contributing_databases_ENSEMBLE_1K.raw.fa
858893,/u/home/a/akarlsbe/scratch/strain_contig_only_assemblies/858893/858893_2_contributing_databases_ENSEMBLE_1K.raw.fa
869754,/u/home/a/akarlsbe/scratch/strain_contig_only_assemblies/869754/869754_2_contributing_databases_ENSEMBLE_1K.raw.fa
875184,/u/home/a/akarlsbe/scratch/strain_contig_only_assemblies/875184/875184_2_contributing_databases_ENSEMBLE_1K.raw.fa
881290,/u/home/a/akarlsbe/scratch/strain_contig_only_assemblies/881290/881290_2_contributing_databases_ENSEMBLE_1K.raw.fa
913774,/u/home/a/akarlsbe/scratch/strain_contig_only_assemblies/913774/913774_2_contributing_databases_ENSEMBLE_1K.raw.fa
914234,/u/home/a/akarlsbe/scratch/strain_contig_only_assemblies/914234/914234_2_contributing_databases_ENSEMBLE_1K.raw.fa
930089,/u/home/a/akarlsbe/scratch/strain_contig_only_assemblies/930089/930089_2_contributing_databases_ENSEMBLE_1K.raw.fa
930090,/u/home/a/akarlsbe/scratch/strain_contig_only_assemblies/930090/930090_2_contributing_databases_ENSEMBLE_1K.raw.fa
930091,/u/home/a/akarlsbe/scratch/strain_contig_only_assemblies/930091/930091_2_contributing_databases_ENSEMBLE_1K.raw.fa
930990,/u/home/a/akarlsbe/scratch/strain_contig_only_assemblies/930990/930990_2_contributing_databases_ENSEMBLE_1K.raw.fa
930992,/u/home/a/akarlsbe/scratch/strain_contig_only_assemblies/930992/930992_2_contributing_databases_ENSEMBLE_1K.raw.fa
933084,/u/home/a/akarlsbe/scratch/strain_contig_only_assemblies/933084/933084_2_contributing_databases_ENSEMBLE_1K.raw.fa
933388,/u/home/a/akarlsbe/scratch/strain_contig_only_assemblies/933388/933388_2_contributing_databases_ENSEMBLE_1K.raw.fa
933852,/u/home/a/akarlsbe/scratch/strain_contig_only_assemblies/933852/933852_2_contributing_databases_ENSEMBLE_1K.raw.fa
936435,/u/home/a/akarlsbe/scratch/strain_contig_only_assemblies/936435/936435_2_contributing_databases_ENSEMBLE_1K.raw.fa
944288,/u/home/a/akarlsbe/scratch/strain_contig_only_assemblies/944288/944288_2_contributing_databases_ENSEMBLE_1K.raw.fa
944289,/u/home/a/akarlsbe/scratch/strain_contig_only_assemblies/944289/944289_2_contributing_databases_ENSEMBLE_1K.raw.fa
945553,/u/home/a/akarlsbe/scratch/strain_contig_only_assemblies/945553/945553_2_contributing_databases_ENSEMBLE_1K.raw.fa
946122,/u/home/a/akarlsbe/scratch/strain_contig_only_assemblies/946122/946122_2_contributing_databases_ENSEMBLE_1K.raw.fa
983644,/u/home/a/akarlsbe/scratch/strain_contig_only_assemblies/983644/983644_2_contributing_databases_ENSEMBLE_1K.raw.fa
983966,/u/home/a/akarlsbe/scratch/strain_contig_only_assemblies/983966/983966_2_contributing_databases_ENSEMBLE_1K.raw.fa
983967,/u/home/a/akarlsbe/scratch/strain_contig_only_assemblies/983967/983967_2_contributing_databases_ENSEMBLE_1K.raw.fa
984485,/u/home/a/akarlsbe/scratch/strain_contig_only_assemblies/984485/984485_2_contributing_databases_ENSEMBLE_1K.raw.fa
984486,/u/home/a/akarlsbe/scratch/strain_contig_only_assemblies/984486/984486_2_contributing_databases_ENSEMBLE_1K.raw.fa
984487,/u/home/a/akarlsbe/scratch/strain_contig_only_assemblies/984487/984487_2_contributing_databases_ENSEMBLE_1K.raw.fa
988480,/u/home/a/akarlsbe/scratch/strain_contig_only_assemblies/988480/988480_2_contributing_databases_ENSEMBLE_1K.raw.fa
994086,/u/home/a/akarlsbe/scratch/strain_contig_only_assemblies/994086/994086_2_contributing_databases_ENSEMBLE_1K.raw.fa
1028729,/u/home/a/akarlsbe/scratch/strain_contig_only_assemblies/1028729/1028729_2_contributing_databases_ENSEMBLE_1K.raw.fa
1033177,/u/home/a/akarlsbe/scratch/strain_contig_only_assemblies/1033177/1033177_2_contributing_databases_1K_FUNGIDB.raw.fa
1036611,/u/home/a/akarlsbe/scratch/strain_contig_only_assemblies/1036611/1036611_3_contributing_databases_ENSEMBLE_1K_FUNGIDB.raw.fa
1036612,/u/home/a/akarlsbe/scratch/strain_contig_only_assemblies/1036612/1036612_3_contributing_databases_ENSEMBLE_1K_FUNGIDB.raw.fa
1036808,/u/home/a/akarlsbe/scratch/strain_contig_only_assemblies/1036808/1036808_2_contributing_databases_ENSEMBLE_1K.raw.fa
1037660,/u/home/a/akarlsbe/scratch/strain_contig_only_assemblies/1037660/1037660_2_contributing_databases_ENSEMBLE_1K.raw.fa
1043003,/u/home/a/akarlsbe/scratch/strain_contig_only_assemblies/1043003/1043003_2_contributing_databases_ENSEMBLE_1K.raw.fa
1043004,/u/home/a/akarlsbe/scratch/strain_contig_only_assemblies/1043004/1043004_2_contributing_databases_ENSEMBLE_1K.raw.fa
1043005,/u/home/a/akarlsbe/scratch/strain_contig_only_assemblies/1043005/1043005_2_contributing_databases_ENSEMBLE_1K.raw.fa
1051891,/u/home/a/akarlsbe/scratch/strain_contig_only_assemblies/1051891/1051891_2_contributing_databases_ENSEMBLE_1K.raw.fa
1069443,/u/home/a/akarlsbe/scratch/strain_contig_only_assemblies/1069443/1069443_2_contributing_databases_ENSEMBLE_1K.raw.fa
1072389,/u/home/a/akarlsbe/scratch/strain_contig_only_assemblies/1072389/1072389_2_contributing_databases_ENSEMBLE_1K.raw.fa
1073089,/u/home/a/akarlsbe/scratch/strain_contig_only_assemblies/1073089/1073089_3_contributing_databases_ENSEMBLE_1K_FUNGIDB.raw.fa
1073090,/u/home/a/akarlsbe/scratch/strain_contig_only_assemblies/1073090/1073090_3_contributing_databases_ENSEMBLE_1K_FUNGIDB.raw.fa
1076935,/u/home/a/akarlsbe/scratch/strain_contig_only_assemblies/1076935/1076935_2_contributing_databases_ENSEMBLE_1K.raw.fa
1089451,/u/home/a/akarlsbe/scratch/strain_contig_only_assemblies/1089451/1089451_2_contributing_databases_ENSEMBLE_FUNGIDB.raw.fa
1089452,/u/home/a/akarlsbe/scratch/strain_contig_only_assemblies/1089452/1089452_2_contributing_databases_ENSEMBLE_FUNGIDB.raw.fa
1095629,/u/home/a/akarlsbe/scratch/strain_contig_only_assemblies/1095629/1095629_2_contributing_databases_ENSEMBLE_1K.raw.fa
1108050,/u/home/a/akarlsbe/scratch/strain_contig_only_assemblies/1108050/1108050_2_contributing_databases_ENSEMBLE_1K.raw.fa
1109443,/u/home/a/akarlsbe/scratch/strain_contig_only_assemblies/1109443/1109443_2_contributing_databases_ENSEMBLE_1K.raw.fa
1126212,/u/home/a/akarlsbe/scratch/strain_contig_only_assemblies/1126212/1126212_2_contributing_databases_ENSEMBLE_1K.raw.fa
1128425,/u/home/a/akarlsbe/scratch/strain_contig_only_assemblies/1128425/1128425_2_contributing_databases_ENSEMBLE_1K.raw.fa
1130832,/u/home/a/akarlsbe/scratch/strain_contig_only_assemblies/1130832/1130832_2_contributing_databases_ENSEMBLE_1K.raw.fa
1137138,/u/home/a/akarlsbe/scratch/strain_contig_only_assemblies/1137138/1137138_2_contributing_databases_ENSEMBLE_1K.raw.fa
1137211,/u/home/a/akarlsbe/scratch/strain_contig_only_assemblies/1137211/1137211_3_contributing_databases_ENSEMBLE_1K_FUNGIDB.raw.fa
1160497,/u/home/a/akarlsbe/scratch/strain_contig_only_assemblies/1160497/1160497_3_contributing_databases_ENSEMBLE_1K_FUNGIDB.raw.fa
1165861,/u/home/a/akarlsbe/scratch/strain_contig_only_assemblies/1165861/1165861_2_contributing_databases_ENSEMBLE_1K.raw.fa
1168221,/u/home/a/akarlsbe/scratch/strain_contig_only_assemblies/1168221/1168221_2_contributing_databases_ENSEMBLE_1K.raw.fa
1170230,/u/home/a/akarlsbe/scratch/strain_contig_only_assemblies/1170230/1170230_2_contributing_databases_ENSEMBLE_1K.raw.fa
1182541,/u/home/a/akarlsbe/scratch/strain_contig_only_assemblies/1182541/1182541_2_contributing_databases_ENSEMBLE_1K.raw.fa
1182542,/u/home/a/akarlsbe/scratch/strain_contig_only_assemblies/1182542/1182542_2_contributing_databases_ENSEMBLE_1K.raw.fa
1182543,/u/home/a/akarlsbe/scratch/strain_contig_only_assemblies/1182543/1182543_2_contributing_databases_ENSEMBLE_1K.raw.fa
1182544,/u/home/a/akarlsbe/scratch/strain_contig_only_assemblies/1182544/1182544_2_contributing_databases_ENSEMBLE_1K.raw.fa
1182545,/u/home/a/akarlsbe/scratch/strain_contig_only_assemblies/1182545/1182545_2_contributing_databases_ENSEMBLE_1K.raw.fa
1186058,/u/home/a/akarlsbe/scratch/strain_contig_only_assemblies/1186058/1186058_2_contributing_databases_ENSEMBLE_1K.raw.fa
1220162,/u/home/a/akarlsbe/scratch/strain_contig_only_assemblies/1220162/1220162_2_contributing_databases_ENSEMBLE_1K.raw.fa
1220924,/u/home/a/akarlsbe/scratch/strain_contig_only_assemblies/1220924/1220924_2_contributing_databases_ENSEMBLE_1K.raw.fa
1227346,/u/home/a/akarlsbe/scratch/strain_contig_only_assemblies/1227346/1227346_2_contributing_databases_ENSEMBLE_FUNGIDB.raw.fa
1229664,/u/home/a/akarlsbe/scratch/strain_contig_only_assemblies/1229664/1229664_2_contributing_databases_ENSEMBLE_FUNGIDB.raw.fa
1229665,/u/home/a/akarlsbe/scratch/strain_contig_only_assemblies/1229665/1229665_2_contributing_databases_ENSEMBLE_FUNGIDB.raw.fa
1230383,/u/home/a/akarlsbe/scratch/strain_contig_only_assemblies/1230383/1230383_2_contributing_databases_ENSEMBLE_1K.raw.fa
1263415,/u/home/a/akarlsbe/scratch/strain_contig_only_assemblies/1263415/1263415_2_contributing_databases_ENSEMBLE_1K.raw.fa
1268274,/u/home/a/akarlsbe/scratch/strain_contig_only_assemblies/1268274/1268274_2_contributing_databases_ENSEMBLE_1K.raw.fa
1279043,/u/home/a/akarlsbe/scratch/strain_contig_only_assemblies/1279043/1279043_2_contributing_databases_ENSEMBLE_1K.raw.fa
1284197,/u/home/a/akarlsbe/scratch/strain_contig_only_assemblies/1284197/1284197_2_contributing_databases_ENSEMBLE_1K.raw.fa
1286976,/u/home/a/akarlsbe/scratch/strain_contig_only_assemblies/1286976/1286976_2_contributing_databases_ENSEMBLE_1K.raw.fa
1287680,/u/home/a/akarlsbe/scratch/strain_contig_only_assemblies/1287680/1287680_2_contributing_databases_ENSEMBLE_1K.raw.fa
1287681,/u/home/a/akarlsbe/scratch/strain_contig_only_assemblies/1287681/1287681_2_contributing_databases_ENSEMBLE_1K.raw.fa
1296103,/u/home/a/akarlsbe/scratch/strain_contig_only_assemblies/1296103/1296103_2_contributing_databases_ENSEMBLE_FUNGIDB.raw.fa
1296105,/u/home/a/akarlsbe/scratch/strain_contig_only_assemblies/1296105/1296105_2_contributing_databases_ENSEMBLE_FUNGIDB.raw.fa
1296108,/u/home/a/akarlsbe/scratch/strain_contig_only_assemblies/1296108/1296108_2_contributing_databases_ENSEMBLE_FUNGIDB.raw.fa
1296111,/u/home/a/akarlsbe/scratch/strain_contig_only_assemblies/1296111/1296111_2_contributing_databases_ENSEMBLE_FUNGIDB.raw.fa
1299270,/u/home/a/akarlsbe/scratch/strain_contig_only_assemblies/1299270/1299270_2_contributing_databases_ENSEMBLE_1K.raw.fa
1305764,/u/home/a/akarlsbe/scratch/strain_contig_only_assemblies/1305764/1305764_2_contributing_databases_ENSEMBLE_1K.raw.fa
1314777,/u/home/a/akarlsbe/scratch/strain_contig_only_assemblies/1314777/1314777_2_contributing_databases_ENSEMBLE_1K.raw.fa
1314782,/u/home/a/akarlsbe/scratch/strain_contig_only_assemblies/1314782/1314782_2_contributing_databases_ENSEMBLE_1K.raw.fa
1314783,/u/home/a/akarlsbe/scratch/strain_contig_only_assemblies/1314783/1314783_2_contributing_databases_ENSEMBLE_1K.raw.fa
1314785,/u/home/a/akarlsbe/scratch/strain_contig_only_assemblies/1314785/1314785_2_contributing_databases_ENSEMBLE_1K.raw.fa
1314800,/u/home/a/akarlsbe/scratch/strain_contig_only_assemblies/1314800/1314800_2_contributing_databases_ENSEMBLE_1K.raw.fa
1328760,/u/home/a/akarlsbe/scratch/strain_contig_only_assemblies/1328760/1328760_2_contributing_databases_ENSEMBLE_1K.raw.fa
1330018,/u/home/a/akarlsbe/scratch/strain_contig_only_assemblies/1330018/1330018_2_contributing_databases_ENSEMBLE_1K.raw.fa
1344418,/u/home/a/akarlsbe/scratch/strain_contig_only_assemblies/1344418/1344418_2_contributing_databases_ENSEMBLE_1K.raw.fa
1353952,/u/home/a/akarlsbe/scratch/strain_contig_only_assemblies/1353952/1353952_2_contributing_databases_ENSEMBLE_1K.raw.fa
1356009,/u/home/a/akarlsbe/scratch/strain_contig_only_assemblies/1356009/1356009_2_contributing_databases_ENSEMBLE_1K.raw.fa
1380566,/u/home/a/akarlsbe/scratch/strain_contig_only_assemblies/1380566/1380566_2_contributing_databases_ENSEMBLE_1K.raw.fa
1382522,/u/home/a/akarlsbe/scratch/strain_contig_only_assemblies/1382522/1382522_2_contributing_databases_ENSEMBLE_1K.raw.fa
1388766,/u/home/a/akarlsbe/scratch/strain_contig_only_assemblies/1388766/1388766_2_contributing_databases_ENSEMBLE_1K.raw.fa
1391700,/u/home/a/akarlsbe/scratch/strain_contig_only_assemblies/1391700/1391700_2_contributing_databases_ENSEMBLE_1K.raw.fa
1392248,/u/home/a/akarlsbe/scratch/strain_contig_only_assemblies/1392248/1392248_2_contributing_databases_1K_FUNGIDB.raw.fa
1392250,/u/home/a/akarlsbe/scratch/strain_contig_only_assemblies/1392250/1392250_2_contributing_databases_1K_FUNGIDB.raw.fa
1392255,/u/home/a/akarlsbe/scratch/strain_contig_only_assemblies/1392255/1392255_2_contributing_databases_1K_FUNGIDB.raw.fa
1392256,/u/home/a/akarlsbe/scratch/strain_contig_only_assemblies/1392256/1392256_2_contributing_databases_1K_FUNGIDB.raw.fa
1397361,/u/home/a/akarlsbe/scratch/strain_contig_only_assemblies/1397361/1397361_2_contributing_databases_ENSEMBLE_FUNGIDB.raw.fa
1398154,/u/home/a/akarlsbe/scratch/strain_contig_only_assemblies/1398154/1398154_2_contributing_databases_ENSEMBLE_FUNGIDB.raw.fa
1442368,/u/home/a/akarlsbe/scratch/strain_contig_only_assemblies/1442368/1442368_2_contributing_databases_ENSEMBLE_1K.raw.fa
1442370,/u/home/a/akarlsbe/scratch/strain_contig_only_assemblies/1442370/1442370_2_contributing_databases_ENSEMBLE_1K.raw.fa
1442371,/u/home/a/akarlsbe/scratch/strain_contig_only_assemblies/1442371/1442371_2_contributing_databases_ENSEMBLE_1K.raw.fa
1509407,/u/home/a/akarlsbe/scratch/strain_contig_only_assemblies/1509407/1509407_2_contributing_databases_ENSEMBLE_1K.raw.fa
